{"purpose":[{"description":"Great job! Your code meets the main purpose of the project: it stores item descriptions and prices, calculates totals and tax, and prints a receipt for the customer.","old_code":"","new_code":""},{"description":"You completed all the required tasks, including itemization and tax calculation. However, for better readability, consider formatting the total to two decimal places when printing.","old_code":"print(customer_one_total)","new_code":"print(round(customer_one_total, 2))"},{"description":"Consider adding a newline between items in the itemization for easier reading.","old_code":"customer_one_itemization += \" \" + luxurious_lamp_description","new_code":"customer_one_itemization += \"\\n\" + luxurious_lamp_description"}],"readability":[{"description":"Your variable names are clear and descriptive, making it easy to follow the code.","old_code":"","new_code":""},{"description":"For multi-line strings, you can use single or double quotes consistently for style. Consider using single quotes for all strings unless a string contains a single quote.","old_code":"stylish_settee_description = \"\"\"Stylish Settee. Faux leather on birch. 29.50 inches high x 54.75 inches wide x 28 inches deep. Black.\"\"\"","new_code":"stylish_settee_description = 'Stylish Settee. Faux leather on birch. 29.50 inches high x 54.75 inches wide x 28 inches deep. Black.'"},{"description":"Add comments to sections of your code to explain the purpose of each block, especially for calculations and printing.","old_code":"customer_one_tax = customer_one_total * sales_tax","new_code":"# Calculate sales tax for customer one\ncustomer_one_tax = customer_one_total * sales_tax"}],"performance":[{"description":"Your code efficiently calculates totals and tax using simple arithmetic and string concatenation.","old_code":"","new_code":""},{"description":"To improve user experience, format the total to two decimal places when printing, so it looks like a real receipt.","old_code":"print(customer_one_total)","new_code":"print(\"{:.2f}\".format(customer_one_total))"},{"description":"If you plan to add more customers, consider wrapping the receipt logic in a function for reusability.","old_code":"","new_code":"# Example function structure\ndef print_receipt(itemization, total):\n    print(\"Customer One Items:\")\n    print(itemization)\n    print(\"Customer One Total:\")\n    print(\"{:.2f}\".format(total))"}]}